n_nodes,n_vessels,n_bodies,n_requests,avg_time,std_dev
2,2,2,2,0.5236407121022543,0.5823876689182292
4,4,4,2,414.0065525372823,680.737750526287
6,6,6,2,638.7939852873484,551.7337361002841
