n_nodes,n_vessels,n_bodies,n_requests,avg_time,std_dev
2,2,2,1,0.06762056350708008,0.05460038912644665
2,2,2,1,0.03476758003234863,0.02378933633491478
2,2,2,1,0.04289364814758301,0.04394380540020582
