n_nodes,n_vessels,n_bodies,n_requests,avg_time,std_dev
2,2,2,1,0.059725379943847655,0.02979110600860313
4,3,3,2,243.5910036087036,534.7571546780019
6,3,4,3,735.9306066036224,636.0520502440552
