n_nodes,n_vessels,n_bodies,n_requests,avg_time,std_dev
5,2,2,1,0.23349084854125976,0.22438634517412145
7,2,2,2,91.4235375881195,197.51880940005293
9,2,2,3,734.7215066432952,972.6368347885365
11,2,2,4,889.8015464305878,863.0522453158163
